[{
    "MentorName" : "Marcus",
    "CourseName" : "Spring",
    "Duration" : "12 days",
    "Rating" : "5",
    "TrainingCompleted" : "3",
    "Fee" : "10000"
},
{
    "MentorName" : "Narendar",
    "CourseName" : "AngularJS",
    "Duration" : "6 days",
    "Rating" : "3",
    "TrainingCompleted" : "2",
    "Fee" : "8000"
},
{
    "MentorName" : "Vignesh",
    "CourseName" : "NodeJS",
    "Duration" : "9 days",
    "Rating" : "3",
    "TrainingCompleted" : "4",
    "Fee": "6500"
},
{
    "MentorName" : "Hari",
    "CourseName" : "ReactJS",
    "Duration" : "5 days",
    "Rating" : "4",
    "TrainingCompleted" : "6",
    "Fee" : "7500"
},{
    "MentorName" : "Poorna",
    "CourseName" : "Amazon Cloud",
    "Duration" : "15 days",
    "Rating" : "5",
    "TrainingCompleted" : "7",
    "Fee" : "15000"
},{
    "MentorName" : "Ram",
    "CourseName" : "JavaScript & JQuery",
    "Duration" : "3 days",
    "Rating" : "3",
    "TrainingCompleted" : "2",
    "Fee" : "3500"
}]