[{
    "CourseName" : "Spring",
    "Duration" : "12 days",
    "Rating" : "4",
    "Payment" : "10000"
},
{
    "CourseName" : "AngularJS",
    "Duration" : "6 days",
    "Rating" : "4",
    "Payment" : "8000"
},
{
    "CourseName" : "NodeJS",
    "Duration" : "9 days",
    "Rating" : "4",
    "Payment": "6500"
},
{
    "CourseName" : "ReactJS",
    "Duration" : "5 days",
    "Rating" : "5",
    "Payment" : "7500"
},{
    "CourseName" : "Amazon Cloud",
    "Duration" : "15 days",
    "Rating" : "5",
    "Payment" : "15000"
},{
    "CourseName" : "JavaScript & JQuery",
    "Duration" : "3 days",
    "Rating" : "3",
    "Payment" : "3500"
}]