[{
    "CourseName" : "Spring",
    "Duration" : "12 days",
    "Rating" : "4"
},
{
    "CourseName" : "AngularJS",
    "Duration" : "6 days",
    "Rating" : "4"
},
{
    "CourseName" : "NodeJS",
    "Duration" : "9 days",
    "Rating" : "4"
},
{
    "CourseName" : "ReactJS",
    "Duration" : "5 days",
    "Rating" : "5"
},{
    "CourseName" : "Amazon Cloud",
    "Duration" : "15 days",
    "Rating" : "5"
},{
    "CourseName" : "JavaScript & JQuery",
    "Duration" : "3 days",
    "Rating" : "3"
}]